"Status","Start Time","Stop Time","Duration in ms","Parent Suite","Suite","Sub Suite","Test Class","Test Method","Name","Description"
"passed","Tue Jul 14 01:07:46 PDT 2020","Tue Jul 14 01:07:46 PDT 2020","33","","Home page","","Home page","Welcome-text","Welcome-text",""
"passed","Tue Jul 14 01:07:52 PDT 2020","Tue Jul 14 01:07:53 PDT 2020","1537","","Home page","","Home page","Password-0","Password-0",""
"passed","Tue Jul 14 01:07:48 PDT 2020","Tue Jul 14 01:07:48 PDT 2020","260","","Home page","","Home page","Username-0","Username-0",""
"passed","Tue Jul 14 01:07:55 PDT 2020","Tue Jul 14 01:07:56 PDT 2020","1292","","Home page","","Home page","Forgot-password-redirect","Forgot-password-redirect",""
"passed","Tue Jul 14 01:07:46 PDT 2020","Tue Jul 14 01:07:46 PDT 2020","30","","Home page","","Home page","Login-explanation-text","Login-explanation-text",""
"passed","Tue Jul 14 01:07:48 PDT 2020","Tue Jul 14 01:07:50 PDT 2020","1627","","Home page","","Home page","Username-101","Username-101",""
"passed","Tue Jul 14 01:07:46 PDT 2020","Tue Jul 14 01:07:46 PDT 2020","31","","Home page","","Home page","Quick-screner-link","Quick-screner-link",""
"passed","Tue Jul 14 01:07:42 PDT 2020","Tue Jul 14 01:07:45 PDT 2020","3126","","Home page","","Home page","Page-contain-header-footer-login-page","Page-contain-header-footer-login-page",""
"passed","Tue Jul 14 01:07:45 PDT 2020","Tue Jul 14 01:07:46 PDT 2020","38","","Home page","","Home page","Login-form-title-text","Login-form-title-text",""
"passed","Tue Jul 14 01:07:52 PDT 2020","Tue Jul 14 01:07:52 PDT 2020","61","","Home page","","Home page","Password-1","Password-1",""
"passed","Tue Jul 14 01:07:55 PDT 2020","Tue Jul 14 01:07:55 PDT 2020","176","","Home page","","Home page","Forgot-username-redirect","Forgot-username-redirect",""
"passed","Tue Jul 14 01:07:46 PDT 2020","Tue Jul 14 01:07:46 PDT 2020","94","","Home page","","Home page","Explanation-text","Explanation-text",""
"passed","Tue Jul 14 01:07:46 PDT 2020","Tue Jul 14 01:07:46 PDT 2020","36","","Home page","","Home page","Quastion-text","Quastion-text",""
"passed","Tue Jul 14 01:07:47 PDT 2020","Tue Jul 14 01:07:48 PDT 2020","1067","","Home page","","Home page","Username-100","Username-100",""
"passed","Tue Jul 14 01:07:46 PDT 2020","Tue Jul 14 01:07:46 PDT 2020","17","","Home page","","Home page","Button-text","Button-text",""
"passed","Tue Jul 14 01:07:46 PDT 2020","Tue Jul 14 01:07:46 PDT 2020","21","","Home page","","Home page","Username-text","Username-text",""
"passed","Tue Jul 14 01:07:50 PDT 2020","Tue Jul 14 01:07:52 PDT 2020","1724","","Home page","","Home page","Password-100","Password-100",""
"passed","Tue Jul 14 01:07:46 PDT 2020","Tue Jul 14 01:07:47 PDT 2020","1144","","Home page","","Home page","Quick-screner-redirect","Quick-screner-redirect",""
"passed","Tue Jul 14 01:07:46 PDT 2020","Tue Jul 14 01:07:46 PDT 2020","54","","Home page","","Home page","Login-form-contain-elements","Login-form-contain-elements",""
"passed","Tue Jul 14 01:07:46 PDT 2020","Tue Jul 14 01:07:46 PDT 2020","21","","Home page","","Home page","Password-text","Password-text",""
"passed","Tue Jul 14 01:07:53 PDT 2020","Tue Jul 14 01:07:55 PDT 2020","1496","","Home page","","Home page","Password-101","Password-101",""
"passed","Tue Jul 14 01:07:48 PDT 2020","Tue Jul 14 01:07:48 PDT 2020","53","","Home page","","Home page","Username-1","Username-1",""
"passed","Tue Jul 14 01:07:55 PDT 2020","Tue Jul 14 01:07:55 PDT 2020","12","","Home page","","Home page","Sequre-input","Sequre-input",""
